Country Code,Country Name,gb_MAE,rf_MAE
VIR,Virgin Islands (U.S.),0.13373305424244436,0.170415599323918
TLS,Timor-Leste,0.18483369418257103,0.3606828817993379
BMU,Bermuda,0.19722692809569453,0.23634378894317803
ISR,Israel,0.236617654675093,0.29666088926710954
NZL,New Zealand,0.240343587669008,0.5804136712616034
CHN,China,0.2444971957850168,0.25974262352361804
IRL,Ireland,0.24601201180944635,0.23795030995394484
MDG,Madagascar,0.25383159908977476,2.2321368333765395
BEL,Belgium,0.2690468833480548,0.5998987497470071
PAK,Pakistan,0.27466398194593683,0.5778565661045871
NPL,Nepal,0.28040326367024615,0.7927227651686982
ABW,Aruba,0.36224824412021933,0.36641097315049037
MLT,Malta,0.37013353269878735,0.5096661947698985
AUS,Australia,0.375178134663055,0.16953185559662004
GRL,Greenland,0.37837340883294246,1.2166839539977554
MNG,Mongolia,0.3802920244078277,1.367397172269898
SLB,Solomon Islands,0.38706800637339384,0.46424131774279304
DNK,Denmark,0.391266944258913,0.29954040882325744
TON,Tonga,0.39195386193391357,0.3515412918871579
ITA,Italy,0.39204030401123957,0.6327468942116442
VUT,Vanuatu,0.3923997252973106,0.6819863895951735
SVN,Slovenia,0.39641627009807223,0.44021911309873035
NLD,Netherlands,0.40289688283497493,0.7274561150362013
GAB,Gabon,0.40417934088979407,0.27636724322330397
CUW,Curacao,0.4101818719242155,0.6178164399422752
AUT,Austria,0.42565523936888255,0.7503589227161805
UZB,Uzbekistan,0.4260053194577361,0.36012040597546613
NCL,New Caledonia,0.42694837724304063,0.5193162583095662
NRU,Naoero,0.4270292304884643,0.36273242355317425
BLZ,Belize,0.4285468896756835,0.6051710918464546
SGP,Singapore,0.4324844163098071,0.3019876055179323
KHM,Cambodia,0.43578337482147206,0.4324701785792655
THA,Thailand,0.4382320026262658,0.42317820554046537
CZE,Czechia,0.4441889605279145,0.5763980142823394
TUR,Turkiye,0.452309571362982,0.5018444529733684
ISL,Iceland,0.45705599935239366,0.6752732784929389
FRO,Faroe Islands,0.4621187699699924,0.3083755284297616
EGY,"Egypt, Arab Rep.",0.4781683193522169,0.741447068399261
FRA,France,0.4805309696362103,0.4455383766762614
DEU,Germany,0.4807947250761679,0.6962267945396274
SDN,Sudan,0.4818308708023595,3.674631082410264
FIN,Finland,0.48332028482644557,0.4502428249432947
HRV,Croatia,0.4837224550892577,0.6791653493869555
LUX,Luxembourg,0.48437483910182905,0.5290728081244549
MAF,St. Martin (French part),0.49039286685207845,0.6844722736886257
PAN,Panama,0.4998818560431405,0.5122812062505357
BRA,Brazil,0.5106126575324251,0.5663003513460723
PNG,Papua New Guinea,0.5138573204147658,0.4027416716371071
HUN,Hungary,0.5150929576048399,0.8947037663574411
SEN,Senegal,0.5159999654992279,0.819926756332864
GRC,Greece,0.5171597409347398,0.8716830506857988
NOR,Norway,0.5174926859805391,0.24385238307371646
SWE,Sweden,0.528294421849698,0.2941025129260147
MHL,Marshall Islands,0.5384873817408012,0.7555624099221074
IRQ,Iraq,0.5389465708586217,0.99042046513213
TJK,Tajikistan,0.5489886702300606,0.9433881619842933
LVA,Latvia,0.5496976440842649,0.6409578341370525
MRT,Mauritania,0.5524426169583307,0.5179582333955094
VNM,Viet Nam,0.5545536582684605,0.5954244267071533
CAN,Canada,0.5586903061702585,0.9378153521670728
SUR,Suriname,0.5658659685818344,1.0834012028263527
DOM,Dominican Republic,0.5693268695395571,0.4125044597616822
BRB,Barbados,0.5804986755962154,0.8194673634521785
MAC,"Macao SAR, China",0.5857676589368452,0.37307264488268616
MDV,Maldives,0.5874856948123252,0.6689203278080865
POL,Poland,0.5950531375762165,0.7365585257386278
IRN,"Iran, Islamic Rep.",0.595309354109809,0.7803807471568601
NGA,Nigeria,0.5961470647690376,0.5516608438798858
CYP,Cyprus,0.6069282262478475,0.8284312653674092
PRT,Portugal,0.6104053095502058,0.5932216244377938
LBR,Liberia,0.6241771124874501,0.5217750690959782
FSM,"Micronesia, Fed. Sts.",0.6274735425758291,0.5591467627849952
IMN,Isle of Man,0.6289858394342164,0.9155222973321818
KOR,"Korea, Rep.",0.6519657980734971,0.65683906119802
SAU,Saudi Arabia,0.6612449893766498,0.7136984329992307
TUV,Tuvalu,0.6639041085640816,0.5707887058651244
SRB,Serbia,0.6761550337917441,1.0622291394496306
BHR,Bahrain,0.6775003672102647,0.6975472769142641
JOR,Jordan,0.6819815482707412,0.6391753707939128
CHE,Switzerland,0.6909307616537057,0.31607092319883745
SVK,Slovak Republic,0.6918466036390302,0.6847485783763957
LIE,Liechtenstein,0.6934992808306023,0.8053063128507504
COL,Colombia,0.6947242622075086,0.9339431966481606
LKA,Sri Lanka,0.6986270612308582,0.4483155361389143
GIB,Gibraltar,0.7012714976296982,0.6301733262677789
GTM,Guatemala,0.7044468270347415,1.105282036844068
IDN,Indonesia,0.7046678600956364,0.6358859975147471
GBR,United Kingdom,0.7054634921287561,0.9754970767538166
CHL,Chile,0.708671487798176,0.8907619757300252
MNE,Montenegro,0.7137795543275149,1.1214053504736325
LTU,Lithuania,0.7154856813948854,0.5744516652193437
MDA,Moldova,0.7160700053379773,0.8358485698964535
BGR,Bulgaria,0.7264644933519625,1.0535011647946062
ARG,Argentina,0.7349767019049923,1.2890150189914034
MUS,Mauritius,0.740125362427768,0.5023973976063817
EST,Estonia,0.7487380380996291,0.7955311517030703
KGZ,Kyrgyz Republic,0.751822234630011,1.6371024708124007
VCT,St. Vincent and the Grenadines,0.7525252843392958,0.5196471765851833
KWT,Kuwait,0.7568129093305629,0.8188034278662385
TTO,Trinidad and Tobago,0.7649742864014061,0.6574819494651201
GUY,Guyana,0.7717678725388813,1.0010602220805396
PRI,Puerto Rico (US),0.778974109405284,0.8066171968604622
BTN,Bhutan,0.780090113975867,0.6733420579681225
ROU,Romania,0.7999164391056013,0.8932859034920383
SXM,Sint Maarten (Dutch part),0.8307818375051557,1.1284577350549982
DJI,Djibouti,0.8404650113041863,1.0568272079161944
ERI,Eritrea,0.8435704653663593,5.345928677006201
SYC,Seychelles,0.8634089047783238,1.1049925089519967
PYF,French Polynesia,0.8698889565347602,0.5838915717569342
ESP,Spain,0.8898095040996474,0.5251968864719371
PHL,Philippines,0.9139122720843526,0.47969970344561286
URY,Uruguay,0.9287787309516642,0.9439564749274413
MMR,Myanmar,0.9337568198746377,0.5354442481883908
QAT,Qatar,0.9340695627009956,0.9345499036452589
LAO,Lao PDR,0.9406582253535283,1.0365197410534677
SLV,El Salvador,0.9455928256154439,1.117477803094219
NIC,Nicaragua,0.9536288614732791,0.9717543050879195
HND,Honduras,0.9706051108265924,0.840474580371108
CRI,Costa Rica,0.9772254184537886,1.1539680455418635
ATG,Antigua and Barbuda,0.992212063046851,0.9871394254963541
OMN,Oman,0.9978817416671805,1.1021506393462925
COG,"Congo, Rep.",1.0108013066775072,3.225068515350756
CYM,Cayman Islands,1.0142714010055092,0.9893554437632139
ALB,Albania,1.0149267472361339,1.229119382931517
TKM,Turkmenistan,1.0171350199091707,0.34820447850057473
ARE,United Arab Emirates,1.029430038267317,1.1152451319280936
CHI,Channel Islands,1.0335645338120771,1.526266918396131
TCD,Chad,1.038541656796166,0.7468176289293752
AFG,Afghanistan,1.0404590420161133,0.9590644279263807
ECU,Ecuador,1.041487244002372,1.126807376935354
IND,India,1.04460994908488,0.7187455277293461
JPN,Japan,1.0566305832980218,0.5690634265848976
TCA,Turks and Caicos Islands,1.0613828927987567,1.0894263555143406
WSM,Samoa,1.0745399418806518,1.1744749628422517
GUM,Guam,1.080959637350433,1.2554578277665802
TUN,Tunisia,1.0838003929873936,0.8620895585771634
XKX,Kosovo,1.0868593272412939,1.0467211248824362
GRD,Grenada,1.1023191566121606,1.6078168800122337
BHS,"Bahamas, The",1.1147281825438644,0.8789721927676154
KEN,Kenya,1.1214423991428357,1.6296840692430048
RUS,Russian Federation,1.131505079215096,1.6596072972784828
PRY,Paraguay,1.158981920421565,0.8544942904658654
PLW,Palau,1.167062758343469,0.4338916903616216
BGD,Bangladesh,1.172401000938155,1.3912990427905465
MLI,Mali,1.1739139090178292,0.5660258622650743
ARM,Armenia,1.177712155566939,1.0526815634412783
BOL,Bolivia,1.1880055935937195,1.0636771527668942
BIH,Bosnia and Herzegovina,1.2071438991415004,1.5838872543096683
MEX,Mexico,1.223003702503569,1.572640734389205
LBN,Lebanon,1.2380574101973083,1.3243887657322573
BEN,Benin,1.2384719052429625,0.570754028363842
DZA,Algeria,1.2444447113831278,0.7207904819252098
ASM,American Samoa,1.2511524570187225,1.4580193507358366
MKD,North Macedonia,1.25417932154014,1.5147985502548447
GIN,Guinea,1.2646684935865595,0.5737035361624643
MYS,Malaysia,1.2665856359317702,1.3975103517326148
AZE,Azerbaijan,1.2722747249856998,1.2804365853101776
GEO,Georgia,1.27442623345856,1.1056785496382406
VGB,British Virgin Islands,1.3025188120657658,1.2302852202235455
MAR,Morocco,1.3627386055084902,1.7588256735871408
KIR,Kiribati,1.391305567478109,1.066011326936935
CPV,Cabo Verde,1.3943764438766761,0.6904124248599387
PSE,West Bank and Gaza,1.418692076406562,1.374005326287205
UKR,Ukraine,1.427362696710796,1.4143300269571915
JAM,Jamaica,1.5081688866481522,1.6668737266891305
AND,Andorra,1.5114046633053233,0.9651570630760073
NER,Niger,1.5186802229500316,0.9223592298192691
KNA,St. Kitts and Nevis,1.5453359906965891,1.129291372298715
BRN,Brunei Darussalam,1.5703571461675807,1.8554626179231706
SMR,San Marino,1.5781304984737579,1.0259781580203322
LCA,St. Lucia,1.59700923785774,1.3458846880231794
VEN,"Venezuela, RB",1.6244130184925762,1.7118726813700107
DMA,Dominica,1.649047647567552,1.4839494867797947
FJI,Fiji,1.6511009184991734,1.9393696454298732
PRK,"Korea, Dem. People's Rep.",1.689201042053587,7.999127237163756
HKG,"Hong Kong SAR, China",1.6908262542580177,1.1473582381854373
LBY,Libya,1.7215612962375542,1.6257957805086873
BFA,Burkina Faso,1.73242572755125,1.4441411483026283
BLR,Belarus,1.762367490490522,1.926070975171025
USA,United States,1.8063459296018662,2.138593978573048
PER,Peru,1.8187604329055216,1.7541784492973365
BDI,Burundi,1.8303696101505211,1.1930943419634599
GHA,Ghana,1.868567150403518,4.615076913183905
CUB,Cuba,1.9606528929901554,2.167879935402365
KAZ,Kazakhstan,2.032042679159812,2.7478758496351197
COD,"Congo, Dem. Rep.",2.038485487409439,0.7202172974625666
GNB,Guinea-Bissau,2.1024296330353085,1.2413100436750442
RWA,Rwanda,2.1207397083335566,7.840358751822317
TGO,Togo,2.1529254039951216,1.421248446148494
GNQ,Equatorial Guinea,2.1598329360812327,0.9166246510743002
ZMB,Zambia,2.192916334755692,2.7782181506277754
AGO,Angola,2.237300950140307,2.7026081919850524
COM,Comoros,2.2613416792280963,2.230469271408219
MNP,Northern Mariana Islands,2.3367262604295487,1.7481159563898803
STP,Sao Tome and Principe,2.339321281027659,5.331300337457661
YEM,"Yemen, Rep.",2.3840088171980915,2.371531278637067
SLE,Sierra Leone,2.5385676264578882,2.5622662086934715
UGA,Uganda,2.554609865731769,3.340691964236686
CMR,Cameroon,2.607382450563434,1.7404431942024368
GMB,"Gambia, The",2.6122080246398687,1.4727428097788433
CIV,Cote d'Ivoire,2.6418026826041636,1.3405960406642012
TZA,Tanzania,2.6843009316662125,5.381187968872774
MCO,Monaco,2.8167093691474463,1.572802690306903
MWI,Malawi,2.994895958252508,3.1827807790685503
LSO,Lesotho,3.695627046363261,6.372095433675627
ETH,Ethiopia,3.703905312690463,3.6063080334536486
MOZ,Mozambique,3.783370939116241,2.0153845149856497
NAM,Namibia,4.326245506771459,3.9868961311293836
BWA,Botswana,4.375038079595581,3.945339662292766
ZWE,Zimbabwe,4.512245020535742,4.241832571214359
ZAF,South Africa,5.534557689046874,3.8353665708186275
SWZ,Eswatini,5.536824330846333,4.892175566218814
SOM,"Somalia, Fed. Rep.",6.1467784874563876,6.48333567818797
SYR,Syrian Arab Republic,6.394274221136292,6.4536616924332595
CAF,Central African Republic,7.306168940355169,7.743080816846998
SSD,South Sudan,7.605981823854521,7.478238816441201
HTI,Haiti,9.998519507163307,2.9539278578897017
